{"cameraMode":{"drawMode":0,"name":"Shaded","section":"Shading Mode"},"sceneLighting":true,"audioPlay":false,"sceneViewState":{"showFog":true,"showMaterialUpdate":false,"showSkybox":true,"showFlares":true,"showImageEffects":true,"showParticleSystems":true},"in2DMode":false,"pivot":{"x":389.6536560058594,"y":0.5672338604927063,"z":-52.46999740600586},"rotation":{"x":0.080375075340271,"y":-0.7864347696304321,"z":0.10462494194507599,"w":0.6035501956939697},"size":3.070786476135254,"orthographic":false}