{"cameraMode":{"drawMode":0,"name":"Shaded","section":"Shading Mode"},"sceneLighting":true,"audioPlay":false,"sceneViewState":{"showFog":true,"showMaterialUpdate":false,"showSkybox":true,"showFlares":true,"showImageEffects":true,"showParticleSystems":true},"in2DMode":false,"pivot":{"x":379.8606262207031,"y":6.783757209777832,"z":-48.208702087402347},"rotation":{"x":0.004464382771402597,"y":-0.9744963049888611,"z":0.019298508763313295,"w":0.22365261614322663},"size":4.937568664550781,"orthographic":false}