{"cameraMode":{"drawMode":0,"name":"Shaded","section":"Shading Mode"},"sceneLighting":true,"audioPlay":false,"sceneViewState":{"showFog":true,"showMaterialUpdate":false,"showSkybox":true,"showFlares":true,"showImageEffects":true,"showParticleSystems":true},"in2DMode":false,"pivot":{"x":381.68408203125,"y":0.5958147048950195,"z":-45.84703063964844},"rotation":{"x":-0.2441847175359726,"y":0.4543924331665039,"z":-0.13106100261211396,"w":-0.8465959429740906},"size":3.3515539169311525,"orthographic":false}