{"cameraMode":{"drawMode":0,"name":"Shaded","section":"Shading Mode"},"sceneLighting":true,"audioPlay":false,"sceneViewState":{"showFog":true,"showMaterialUpdate":false,"showSkybox":true,"showFlares":true,"showImageEffects":true,"showParticleSystems":true},"in2DMode":false,"pivot":{"x":380.8880615234375,"y":1.7100000381469727,"z":-45.570106506347659},"rotation":{"x":-0.0616627000272274,"y":0.9365927577018738,"z":-0.27166545391082766,"w":-0.21258848905563355},"size":9.188328742980957,"orthographic":false}